{
    "1": {
        "heatSP": 20.0,
        "coolSP": 22.22222222222222,
        "deadband": 1.6666666666666667
    },
    "1_1": {
        "heatSP": 20.555555555555557,
        "coolSP": 23.333333333333332,
        "deadband": 1.1111111111111112
    },
    "1_2": {
        "heatSP": 20.555555555555557,
        "coolSP": 21.666666666666668,
        "deadband": 0.5555555555555556
    },
    "2": {
        "heatSP": 22.22222222222222,
        "coolSP": 25.0,
        "deadband": 2.7777777777777777
    },
    "2_1": {
        "heatSP": 18.88888888888889,
        "coolSP": 23.88888888888889,
        "deadband": 0.5555555555555556
    },
    "2_2": {
        "heatSP": 18.333333333333332,
        "coolSP": 24.444444444444443,
        "deadband": 2.7777777777777777
    },
    "3": {
        "heatSP": 18.88888888888889,
        "coolSP": 23.333333333333332,
        "deadband": 1.6666666666666667
    },
    "3_1": {
        "heatSP": 21.11111111111111,
        "coolSP": 23.333333333333332,
        "deadband": 1.6666666666666667
    },
    "3_2": {
        "heatSP": 18.333333333333332,
        "coolSP": 22.77777777777778,
        "deadband": 1.1111111111111112
    },
    "4": {
        "heatSP": 21.666666666666668,
        "coolSP": 22.77777777777778,
        "deadband": 0.5555555555555556
    },
    "4_1": {
        "heatSP": 18.333333333333332,
        "coolSP": 23.88888888888889,
        "deadband": 1.1111111111111112
    },
    "4_2": {
        "heatSP": 21.11111111111111,
        "coolSP": 24.444444444444443,
        "deadband": 2.2222222222222223
    },
    "5": {
        "heatSP": 20.555555555555557,
        "coolSP": 23.88888888888889,
        "deadband": 2.2222222222222223
    },
    "5_1": {
        "heatSP": 20.555555555555557,
        "coolSP": 22.22222222222222,
        "deadband": 1.6666666666666667
    },
    "5_2": {
        "heatSP": 20.0,
        "coolSP": 23.88888888888889,
        "deadband": 0.5555555555555556
    },
    "6": {
        "heatSP": 18.333333333333332,
        "coolSP": 21.11111111111111,
        "deadband": 2.7777777777777777
    },
    "6_1": {
        "heatSP": 18.333333333333332,
        "coolSP": 24.444444444444443,
        "deadband": 1.6666666666666667
    },
    "6_2": {
        "heatSP": 18.333333333333332,
        "coolSP": 21.11111111111111,
        "deadband": 2.2222222222222223
    },
    "7": {
        "heatSP": 22.22222222222222,
        "coolSP": 24.444444444444443,
        "deadband": 2.2222222222222223
    },
    "7_1": {
        "heatSP": 20.0,
        "coolSP": 24.444444444444443,
        "deadband": 2.2222222222222223
    },
    "7_2": {
        "heatSP": 18.88888888888889,
        "coolSP": 24.444444444444443,
        "deadband": 1.6666666666666667
    },
    "8": {
        "heatSP": 20.0,
        "coolSP": 23.333333333333332,
        "deadband": 2.2222222222222223
    },
    "8_1": {
        "heatSP": 20.555555555555557,
        "coolSP": 22.22222222222222,
        "deadband": 1.1111111111111112
    },
    "8_2": {
        "heatSP": 20.0,
        "coolSP": 24.444444444444443,
        "deadband": 2.7777777777777777
    },
    "9": {
        "heatSP": 20.555555555555557,
        "coolSP": 23.333333333333332,
        "deadband": 1.6666666666666667
    },
    "9_1": {
        "heatSP": 22.22222222222222,
        "coolSP": 25.0,
        "deadband": 1.1111111111111112
    },
    "9_2": {
        "heatSP": 20.0,
        "coolSP": 22.77777777777778,
        "deadband": 2.7777777777777777
    },
    "10": {
        "heatSP": 19.444444444444443,
        "coolSP": 25.0,
        "deadband": 2.7777777777777777
    },
    "10_1": {
        "heatSP": 19.444444444444443,
        "coolSP": 24.444444444444443,
        "deadband": 1.6666666666666667
    },
    "10_2": {
        "heatSP": 20.555555555555557,
        "coolSP": 22.77777777777778,
        "deadband": 1.1111111111111112
    },
    "11": {
        "heatSP": 20.0,
        "coolSP": 23.88888888888889,
        "deadband": 0.5555555555555556
    },
    "11_1": {
        "heatSP": 18.88888888888889,
        "coolSP": 22.22222222222222,
        "deadband": 1.6666666666666667
    },
    "11_2": {
        "heatSP": 18.333333333333332,
        "coolSP": 23.333333333333332,
        "deadband": 2.2222222222222223
    },
    "12": {
        "heatSP": 21.11111111111111,
        "coolSP": 23.333333333333332,
        "deadband": 1.1111111111111112
    },
    "12_1": {
        "heatSP": 20.555555555555557,
        "coolSP": 24.444444444444443,
        "deadband": 2.7777777777777777
    },
    "12_2": {
        "heatSP": 19.444444444444443,
        "coolSP": 21.11111111111111,
        "deadband": 1.6666666666666667
    },
    "13": {
        "heatSP": 22.22222222222222,
        "coolSP": 25.0,
        "deadband": 1.1111111111111112
    },
    "13_1": {
        "heatSP": 21.666666666666668,
        "coolSP": 23.88888888888889,
        "deadband": 0.5555555555555556
    },
    "13_2": {
        "heatSP": 20.555555555555557,
        "coolSP": 22.77777777777778,
        "deadband": 1.6666666666666667
    },
    "13_3": {
        "heatSP": 20.555555555555557,
        "coolSP": 25.0,
        "deadband": 2.2222222222222223
    },
    "13_4": {
        "heatSP": 22.22222222222222,
        "coolSP": 24.444444444444443,
        "deadband": 2.2222222222222223
    },
    "14": {
        "heatSP": 19.444444444444443,
        "coolSP": 25.0,
        "deadband": 1.1111111111111112
    },
    "14_1": {
        "heatSP": 18.333333333333332,
        "coolSP": 25.0,
        "deadband": 2.7777777777777777
    },
    "14_2": {
        "heatSP": 18.333333333333332,
        "coolSP": 23.88888888888889,
        "deadband": 1.6666666666666667
    },
    "14_3": {
        "heatSP": 21.666666666666668,
        "coolSP": 23.333333333333332,
        "deadband": 1.1111111111111112
    },
    "14_4": {
        "heatSP": 20.555555555555557,
        "coolSP": 25.0,
        "deadband": 1.1111111111111112
    },
    "15": {
        "heatSP": 20.0,
        "coolSP": 23.333333333333332,
        "deadband": 1.1111111111111112
    },
    "15_1": {
        "heatSP": 20.555555555555557,
        "coolSP": 24.444444444444443,
        "deadband": 2.2222222222222223
    },
    "15_2": {
        "heatSP": 18.88888888888889,
        "coolSP": 21.666666666666668,
        "deadband": 2.7777777777777777
    },
    "15_3": {
        "heatSP": 21.666666666666668,
        "coolSP": 25.0,
        "deadband": 0.5555555555555556
    },
    "15_4": {
        "heatSP": 22.22222222222222,
        "coolSP": 23.88888888888889,
        "deadband": 1.6666666666666667
    },
    "16": {
        "heatSP": 18.88888888888889,
        "coolSP": 21.666666666666668,
        "deadband": 1.1111111111111112
    },
    "16_1": {
        "heatSP": 22.22222222222222,
        "coolSP": 25.0,
        "deadband": 2.7777777777777777
    },
    "16_2": {
        "heatSP": 18.333333333333332,
        "coolSP": 24.444444444444443,
        "deadband": 1.6666666666666667
    },
    "16_3": {
        "heatSP": 18.88888888888889,
        "coolSP": 23.88888888888889,
        "deadband": 2.7777777777777777
    },
    "16_4": {
        "heatSP": 20.0,
        "coolSP": 25.0,
        "deadband": 2.7777777777777777
    },
    "17": {
        "heatSP": 19.444444444444443,
        "coolSP": 23.88888888888889,
        "deadband": 2.7777777777777777
    },
    "17_1": {
        "heatSP": 20.555555555555557,
        "coolSP": 22.77777777777778,
        "deadband": 0.5555555555555556
    },
    "17_2": {
        "heatSP": 18.333333333333332,
        "coolSP": 23.333333333333332,
        "deadband": 2.2222222222222223
    },
    "17_3": {
        "heatSP": 20.555555555555557,
        "coolSP": 25.0,
        "deadband": 1.1111111111111112
    },
    "17_4": {
        "heatSP": 21.666666666666668,
        "coolSP": 25.0,
        "deadband": 1.1111111111111112
    },
    "18": {
        "heatSP": 21.666666666666668,
        "coolSP": 23.88888888888889,