{
    "4": {
        "RC": 500,
        "alpha": 0.7826914705476472
    },
    "8": {
        "RC": 500,
        "alpha": 0.1408889346343618
    },
    "10": {
        "RC": 500,
        "alpha": 0.29310572682372776
    },
    "2": {
        "RC": 86.49616764934368,
        "alpha": 1.2464098109090993
    },
    "11": {
        "RC": 500,
        "alpha": 0.1739296802212631
    },
    "5": {
        "RC": 500,
        "alpha": 0.4310717084699205
    },
    "9": {
        "RC": 500,
        "alpha": 0.22075883003372673
    },
    "13": {
        "RC": 144.99824877054155,
        "alpha": 0.9848763017990912
    },
    "18": {
        "RC": 288.6911527554216,
        "alpha": 0.9657481529746563
    },
    "16": {
        "RC": 23.475347399304635,
        "alpha": 3.5184385698792675
    },
    "1": {
        "RC": 500,
        "alpha": 0.8781060983504179
    },
    "6": {
        "RC": 5.587924142771971,
        "alpha": 2.0915962501342977
    },
    "15": {
        "RC": 83.23088598957887,
        "alpha": 2.1505041193550456
    },
    "12": {
        "RC": 1.7902949114848576,
        "alpha": 27.900156169539127
    },
    "14": {
        "RC": 72.00294246041986,
        "alpha": 1.333467214168726
    },
    "7": {
        "RC": 500,
        "alpha": 0.143130259917878
    },
    "3": {
        "RC": 500,
        "alpha": 0.7613678947073652
    },
    "17": {
        "RC": 500,
        "alpha": 0.2375925891012134
    }
}